EpochTime,CurrentPlaybackTime,CurrentBufferSize,CurrentPlaybackState,Action,Bitrate
0,0.0,0,INITIAL_BUFFERING,Starting,0
0,0.0,0,INITIAL_BUFFERING,Starting,0
0.0054836273193359375,0.0,1,PLAY,Writing,10000000
0.0056629180908203125,0.0,1,PLAY,InitialBuffering-Play,0
0.006582498550415039,0.0,0,PLAY,StillPlaying,10000000
0.04058694839477539,0.03853917121887207,1,PLAY,Writing,10000000.0
0.29668736457824707,0.29456162452697754,2,PLAY,Writing,10000000.0
0.5660216808319092,0.5639312267303467,3,PLAY,Writing,10000000.0
5.00747537612915,5.000255107879639,2,PLAY,StillPlaying,10000000.0
5.90451455116272,5.897305488586426,3,PLAY,Writing,10000000.0
10.007827281951904,10.000606536865234,2,PLAY,StillPlaying,10000000.0
11.199511051177979,11.192294836044312,3,PLAY,Writing,10000000.0
15.008180618286133,15.000960350036621,2,PLAY,StillPlaying,10000000.0
16.534097909927368,16.526889324188232,3,PLAY,Writing,10000000.0
20.009360790252686,20.002140283584595,2,PLAY,StillPlaying,10000000.0
21.837494134902954,21.830276489257812,3,PLAY,Writing,10000000.0
25.009711027145386,25.00248908996582,2,PLAY,StillPlaying,10000000.0
27.159340620040894,27.157230615615845,3,PLAY,Writing,10000000.0
30.010123252868652,30.002901792526245,2,PLAY,StillPlaying,10000000.0
32.48809266090393,32.48605155944824,3,PLAY,Writing,10000000.0
35.01054620742798,35.00333213806152,2,PLAY,StillPlaying,10000000.0
37.77188992500305,37.76979088783264,3,PLAY,Writing,10000000.0
40.01094055175781,40.003724575042725,2,PLAY,StillPlaying,10000000.0
43.11003088951111,43.107908725738525,3,PLAY,Writing,10000000.0
45.0112886428833,45.00406885147095,2,PLAY,StillPlaying,10000000.0
48.414748668670654,48.412614822387695,3,PLAY,Writing,10000000.0
50.011730670928955,50.004509925842285,2,PLAY,StillPlaying,10000000.0
53.73449373245239,53.732433795928955,3,PLAY,Writing,10000000.0
55.01207232475281,55.004849910736084,2,PLAY,StillPlaying,10000000.0
59.03465270996094,59.02743911743164,3,PLAY,Writing,10000000.0
60.01242256164551,60.00521111488342,2,PLAY,StillPlaying,10000000.0
64.36487126350403,64.36282110214233,3,PLAY,Writing,10000000.0
65.01284146308899,65.0056369304657,2,PLAY,StillPlaying,10000000.0
69.80749940872192,69.80017852783203,2,END,TheEnd,0
